<?xml version="1.0" encoding="UTF-8"?>
<sltp_editor version="1.1" packageUris="http://schema.mathworks.com/mf0/DiagramEditor/R2019a_20181107 http://schema.mathworks.com/mf0/SltpSyntax/R2021b_202101212121">
  <sltp.mm.syntax.Context type="sltp.mm.syntax.Context" uuid="69d83e45-652a-4735-9eca-3174707124e4">
    <rootGraph type="sltp.mm.syntax.Graph" uuid="04709afe-980a-4ad6-bcd0-e0d0dbb2a204">
      <children type="sltp.mm.syntax.Node" uuid="3ee7a3af-6820-4010-95aa-54291a07a1ac">
        <priority>40</priority>
        <rates type="sltp.mm.syntax.RateData">
          <color>#000000</color>
          <hasBlocks>true</hasBlocks>
          <rate>0</rate>
          <title>Cont</title>
        </rates>
        <rates type="sltp.mm.syntax.RateData">
          <color>#e60000</color>
          <hasBlocks>true</hasBlocks>
          <rate>0.01</rate>
          <title>D1</title>
        </rates>
        <title>Cont</title>
        <type>base</type>
        <diagramElement type="diagram.editor.model.Entity" uuid="d3675473-112e-4a81-9b00-e44c797caf5e"/>
        <subgraph type="sltp.mm.syntax.Graph" uuid="7d3c37c0-74c9-476e-91f9-c823869099ea">
          <title>Cont</title>
          <diagramElement type="diagram.editor.model.Diagram" uuid="fb02ef0c-14f9-4ae4-9ee3-21b793ad6576"/>
        </subgraph>
      </children>
      <title>Default</title>
      <diagramElement type="diagram.editor.model.Diagram" uuid="a9c5f4a6-7cbf-45fe-83b2-2b947190373e"/>
    </rootGraph>
  </sltp.mm.syntax.Context>
  <diagram.editor.model.Diagram type="diagram.editor.model.Diagram" uuid="a9c5f4a6-7cbf-45fe-83b2-2b947190373e">
    <entities type="diagram.editor.model.Entity" uuid="d3675473-112e-4a81-9b00-e44c797caf5e">
      <position>0,0</position>
      <size>0,0,0,0</size>
      <syntaxElement type="sltp.mm.syntax.Node" uuid="3ee7a3af-6820-4010-95aa-54291a07a1ac"/>
      <title>Cont</title>
      <type>base</type>
      <subDiagram type="diagram.editor.model.Diagram" uuid="fb02ef0c-14f9-4ae4-9ee3-21b793ad6576">
        <position>0,0</position>
        <syntaxElement type="sltp.mm.syntax.Graph" uuid="7d3c37c0-74c9-476e-91f9-c823869099ea"/>
        <title>Cont</title>
        <type>graph.Graph</type>
      </subDiagram>
    </entities>
    <syntaxElement type="sltp.mm.syntax.Graph" uuid="04709afe-980a-4ad6-bcd0-e0d0dbb2a204"/>
    <title>Default</title>
    <type>graph.Graph</type>
  </diagram.editor.model.Diagram>
</sltp_editor>