<?xml version="1.0" encoding="UTF-8"?>
<sltp_graph version="1.1" packageUris="http://schema.mathworks.com/mf0/sltp_mm/R2021b_202106150630">
  <sltp.mm.core.Context type="sltp.mm.core.Context" uuid="84997b0f-015b-4d3a-83b3-0e9aa46405fd">
    <priorityDirection>HighNumberLast</priorityDirection>
    <editorState type="sltp.mm.core.EditorState" uuid="5339e5c7-c3c8-4edc-9040-38a30bb6a180">
      <isSynchronized>true</isSynchronized>
      <panelState type="sltp.mm.core.EditorPanelState" uuid="fe642c9e-4c75-417f-b081-b6594bec8926"/>
    </editorState>
    <rootTask type="sltp.mm.core.Task" uuid="5b2f0e25-b6fe-4e8a-843e-84b35e5165d0">
      <context type="sltp.mm.core.Context" uuid="84997b0f-015b-4d3a-83b3-0e9aa46405fd"/>
      <explicit>false</explicit>
      <name>Default</name>
      <priority>-2147483648</priority>
      <subgraph type="sltp.mm.core.Graph" uuid="10388e67-4fdb-4393-9ac3-866ac107d23c">
        <tasks type="sltp.mm.core.Task" uuid="0a135b9b-6a89-4eb6-871f-1d0e32cfae7f">
          <baseTask>true</baseTask>
          <context type="sltp.mm.core.Context" uuid="84997b0f-015b-4d3a-83b3-0e9aa46405fd"/>
          <explicit>false</explicit>
          <id>1</id>
          <isTimed>true</isTimed>
          <name>Cont</name>
          <priority>40</priority>
          <rates type="sltp.mm.core.Rate" uuid="0626c040-3569-43e0-b561-ab80d89077c6">
            <annotation>Cont</annotation>
            <color>255</color>
            <hasBlocks>true</hasBlocks>
            <rateSpec type="sltp.mm.core.RateSpec">
              <period>0.0</period>
            </rateSpec>
            <sti>0</sti>
          </rates>
          <rates type="sltp.mm.core.Rate" uuid="0c41149b-3898-4f35-9156-121de689dc1b">
            <annotation>D1</annotation>
            <color>-436207361</color>
            <hasBlocks>true</hasBlocks>
            <rateSpec type="sltp.mm.core.RateSpec">
              <period>.01</period>
            </rateSpec>
            <sti>1</sti>
          </rates>
        </tasks>
      </subgraph>
    </rootTask>
  </sltp.mm.core.Context>
</sltp_graph>