<?xml version="1.0" encoding="utf-8"?>
<System>
  <P Name="Location">[223, 338, 826, 833]</P>
  <P Name="SystemRect">[0.000000, 0.000000, 0.000000, 0.000000]</P>
  <P Name="SetExecutionDomain">off</P>
  <P Name="ExecutionDomainType">Deduce</P>
  <P Name="SIDHighWatermark">25</P>
  <P Name="SimulinkSubDomain">Simulink</P>
  <Block BlockType="Inport" Name="u" SID="161::23">
    <P Name="Position">[20, 101, 40, 119]</P>
    <P Name="ZOrder">14</P>
  </Block>
  <Block BlockType="Inport" Name="fM" SID="161::1">
    <P Name="Position">[20, 136, 40, 154]</P>
    <P Name="ZOrder">-1</P>
    <P Name="Port">2</P>
  </Block>
  <Block BlockType="Demux" Name=" Demux " SID="161::20">
    <P Name="Ports">[1, 1]</P>
    <P Name="Position">[270, 245, 320, 285]</P>
    <P Name="ZOrder">11</P>
    <P Name="Outputs">1</P>
  </Block>
  <Block BlockType="S-Function" Name=" SFunction " SID="161::19">
    <P Name="Tag">Stateflow S-Function 1</P>
    <P Name="Ports">[2, 4]</P>
    <P Name="Position">[180, 102, 230, 203]</P>
    <P Name="ZOrder">10</P>
    <P Name="FunctionName">sf_sfun</P>
    <P Name="PortCounts">[2 4]</P>
    <P Name="SFunctionDeploymentMode">off</P>
    <P Name="EnableBusSupport">on</P>
    <P Name="SFcnIsStateOwnerBlock">off</P>
    <Port>
      <P Name="PortNumber">2</P>
      <P Name="Name">a_x</P>
    </Port>
    <Port>
      <P Name="PortNumber">3</P>
      <P Name="Name">a_y</P>
    </Port>
    <Port>
      <P Name="PortNumber">4</P>
      <P Name="Name">a_z</P>
    </Port>
  </Block>
  <Block BlockType="Terminator" Name=" Terminator " SID="161::21">
    <P Name="Position">[460, 256, 480, 274]</P>
    <P Name="ZOrder">12</P>
  </Block>
  <Block BlockType="Outport" Name="a_x" SID="161::5">
    <P Name="Position">[460, 101, 480, 119]</P>
    <P Name="ZOrder">-5</P>
  </Block>
  <Block BlockType="Outport" Name="a_y" SID="161::24">
    <P Name="Position">[460, 136, 480, 154]</P>
    <P Name="ZOrder">15</P>
    <P Name="Port">2</P>
  </Block>
  <Block BlockType="Outport" Name="a_z" SID="161::25">
    <P Name="Position">[460, 171, 480, 189]</P>
    <P Name="ZOrder">16</P>
    <P Name="Port">3</P>
  </Block>
  <Line>
    <P Name="ZOrder">48</P>
    <P Name="Src">161::23#out:1</P>
    <P Name="Points">[80, 0; 0, 20]</P>
    <P Name="Dst">161::19#in:1</P>
  </Line>
  <Line>
    <P Name="ZOrder">49</P>
    <P Name="Src">161::1#out:1</P>
    <P Name="Points">[39, 0; 0, 35]</P>
    <P Name="Dst">161::19#in:2</P>
  </Line>
  <Line>
    <P Name="Name">a_x</P>
    <P Name="ZOrder">50</P>
    <P Name="Labels">[0, 0]</P>
    <P Name="Src">161::19#out:2</P>
    <P Name="Points">[55, 0; 0, -30]</P>
    <P Name="Dst">161::5#in:1</P>
  </Line>
  <Line>
    <P Name="Name">a_y</P>
    <P Name="ZOrder">51</P>
    <P Name="Labels">[0, 0]</P>
    <P Name="Src">161::19#out:3</P>
    <P Name="Points">[111, 0; 0, -20]</P>
    <P Name="Dst">161::24#in:1</P>
  </Line>
  <Line>
    <P Name="Name">a_z</P>
    <P Name="ZOrder">52</P>
    <P Name="Labels">[0, 0]</P>
    <P Name="Src">161::19#out:4</P>
    <P Name="Points">[166, 0; 0, -10]</P>
    <P Name="Dst">161::25#in:1</P>
  </Line>
  <Line>
    <P Name="ZOrder">53</P>
    <P Name="Src">161::20#out:1</P>
    <P Name="Dst">161::21#in:1</P>
  </Line>
  <Line>
    <P Name="ZOrder">54</P>
    <P Name="Src">161::19#out:1</P>
    <P Name="Points">[16, 0; 0, 150]</P>
    <P Name="Dst">161::20#in:1</P>
  </Line>
</System>
