<?xml version="1.0" encoding="utf-8"?>
<System>
  <P Name="Location">[-8, -8, 2568, 1408]</P>
  <P Name="SystemRect">[0.000000, 0.000000, 0.000000, 0.000000]</P>
  <P Name="Open">on</P>
  <P Name="SetExecutionDomain">off</P>
  <P Name="ExecutionDomainType">Deduce</P>
  <P Name="ZoomFactor">398</P>
  <P Name="SimulinkSubDomain">Simulink</P>
  <Block BlockType="Inport" Name="x_d" SID="135">
    <P Name="Position">[190, 83, 220, 97]</P>
    <P Name="ZOrder">52</P>
  </Block>
  <Block BlockType="Inport" Name="b1_d" SID="146">
    <P Name="Position">[190, 123, 220, 137]</P>
    <P Name="ZOrder">59</P>
    <P Name="Port">2</P>
  </Block>
  <Block BlockType="Inport" Name="states" SID="136">
    <P Name="Position">[190, 163, 220, 177]</P>
    <P Name="ZOrder">56</P>
    <P Name="Port">3</P>
  </Block>
  <Block BlockType="Clock" Name="Clock2" SID="138">
    <P Name="Position">[195, 200, 215, 220]</P>
    <P Name="ZOrder">49</P>
  </Block>
  <Block BlockType="Demux" Name="Demux" SID="145">
    <P Name="Ports">[1, 2]</P>
    <P Name="Position">[490, 108, 495, 192]</P>
    <P Name="ZOrder">58</P>
    <P Name="ShowName">off</P>
    <P Name="Outputs">2</P>
  </Block>
  <Block BlockType="Mux" Name="Mux" SID="140">
    <P Name="Ports">[4, 1]</P>
    <P Name="Position">[305, 73, 310, 227]</P>
    <P Name="ZOrder">48</P>
    <P Name="ShowName">off</P>
    <P Name="DisplayOption">bar</P>
  </Block>
  <Block BlockType="MATLABFcn" Name="controller" SID="137">
    <P Name="Ports">[1, 1]</P>
    <P Name="Position">[360, 135, 430, 165]</P>
    <P Name="ZOrder">47</P>
    <P Name="MATLABFcn">controller(u,P)</P>
    <P Name="OutputDimensions">4</P>
    <P Name="SampleTime">P.Ts</P>
  </Block>
  <Block BlockType="Outport" Name="f" SID="141">
    <P Name="Position">[555, 123, 585, 137]</P>
    <P Name="ZOrder">53</P>
    <P Name="PortDimensions">1</P>
    <P Name="VectorParamsAs1DForOutWhenUnconnected">off</P>
  </Block>
  <Block BlockType="Outport" Name="M" SID="144">
    <P Name="Position">[555, 163, 585, 177]</P>
    <P Name="ZOrder">57</P>
    <P Name="Port">2</P>
    <P Name="PortDimensions">3</P>
    <P Name="VectorParamsAs1DForOutWhenUnconnected">off</P>
  </Block>
  <Line>
    <P Name="ZOrder">10</P>
    <P Name="Src">138#out:1</P>
    <P Name="Dst">140#in:4</P>
  </Line>
  <Line>
    <P Name="ZOrder">2</P>
    <P Name="Src">140#out:1</P>
    <P Name="Dst">137#in:1</P>
  </Line>
  <Line>
    <P Name="ZOrder">5</P>
    <P Name="Src">135#out:1</P>
    <P Name="Dst">140#in:1</P>
  </Line>
  <Line>
    <P Name="ZOrder">16</P>
    <P Name="Src">136#out:1</P>
    <P Name="Dst">140#in:3</P>
  </Line>
  <Line>
    <P Name="ZOrder">8</P>
    <P Name="Src">145#out:1</P>
    <P Name="Dst">141#in:1</P>
  </Line>
  <Line>
    <P Name="ZOrder">9</P>
    <P Name="Src">145#out:2</P>
    <P Name="Dst">144#in:1</P>
  </Line>
  <Line>
    <P Name="ZOrder">12</P>
    <P Name="Src">146#out:1</P>
    <P Name="Dst">140#in:2</P>
  </Line>
  <Line>
    <P Name="ZOrder">23</P>
    <P Name="Src">137#out:1</P>
    <P Name="Dst">145#in:1</P>
  </Line>
</System>
