<?xml version="1.0" encoding="utf-8"?>
<System>
  <P Name="Location">[-8, -8, 2568, 1408]</P>
  <P Name="SystemRect">[0.000000, 0.000000, 0.000000, 0.000000]</P>
  <P Name="Open">on</P>
  <P Name="SetExecutionDomain">off</P>
  <P Name="ExecutionDomainType">Deduce</P>
  <P Name="ZoomFactor">173</P>
  <P Name="ReportName">simulink-default.rpt</P>
  <P Name="SIDHighWatermark">164</P>
  <P Name="SimulinkSubDomain">Simulink</P>
  <Block BlockType="SubSystem" Name="Geometric Control" SID="134">
    <P Name="Ports">[3, 2]</P>
    <P Name="Position">[770, 792, 875, 888]</P>
    <P Name="ZOrder">312</P>
    <P Name="RequestExecContextInheritance">off</P>
    <Mask>
      <Display/>
    </Mask>
    <Port>
      <P Name="PortNumber">1</P>
      <P Name="Name">f</P>
    </Port>
    <Port>
      <P Name="PortNumber">2</P>
      <P Name="Name">M</P>
    </Port>
    <System Ref="system_134"/>
  </Block>
  <Block BlockType="Mux" Name="Mux" SID="24">
    <P Name="Ports">[2, 1]</P>
    <P Name="Position">[920, 791, 925, 889]</P>
    <P Name="ZOrder">158</P>
    <P Name="ShowName">off</P>
    <P Name="Inputs">2</P>
    <P Name="DisplayOption">bar</P>
  </Block>
  <Block BlockType="Mux" Name="Mux1" SID="164">
    <P Name="Ports">[3, 1]</P>
    <P Name="Position">[1175, 973, 1185, 1037]</P>
    <P Name="ZOrder">322</P>
    <P Name="Inputs">3</P>
    <P Name="DisplayOption">bar</P>
  </Block>
  <Block BlockType="S-Function" Name="Quadrotor Dynamics" SID="80">
    <P Name="Ports">[1, 1]</P>
    <P Name="Position">[950, 794, 1105, 886]</P>
    <P Name="ZOrder">202</P>
    <P Name="FunctionName">quad_dynamics</P>
    <P Name="Parameters">P</P>
    <P Name="SFunctionDeploymentMode">off</P>
    <P Name="EnableBusSupport">off</P>
    <P Name="SFcnIsStateOwnerBlock">off</P>
    <Mask>
      <Display/>
    </Mask>
    <Port>
      <P Name="PortNumber">1</P>
      <P Name="Name">Full state feedback: x, v, R, \Omega</P>
    </Port>
  </Block>
  <Block BlockType="Scope" Name="Scope" SID="156">
    <P Name="Ports">[2]</P>
    <P Name="Position">[1415, 816, 1445, 849]</P>
    <P Name="ZOrder">315</P>
    <P Name="ScopeSpecificationString">Simulink.scopes.TimeScopeBlockCfg(&apos;CurrentConfiguration&apos;, extmgr.ConfigurationSet(extmgr.Configuration(&apos;Core&apos;,&apos;General UI&apos;,true),extmgr.Configuration(&apos;Core&apos;,&apos;Source UI&apos;,true),extmgr.Configuration(&apos;Sources&apos;,&apos;WiredSimulink&apos;,true),extmgr.Configuration(&apos;Visuals&apos;,&apos;Time Domain&apos;,true,&apos;SerializedDisplays&apos;,{struct(&apos;MinYLimReal&apos;,&apos;-62.59151&apos;,&apos;MaxYLimReal&apos;,&apos;9.17683&apos;,&apos;YLabelReal&apos;,&apos;&apos;,&apos;MinYLimMag&apos;,&apos;0.00000&apos;,&apos;MaxYLimMag&apos;,&apos;62.59151&apos;,&apos;LegendVisibility&apos;,&apos;On&apos;,&apos;XGrid&apos;,true,&apos;YGrid&apos;,true,&apos;PlotMagPhase&apos;,false,&apos;AxesColor&apos;,[0 0 0],&apos;AxesTickColor&apos;,[0.686274509803922 0.686274509803922 0.686274509803922],&apos;ColorOrder&apos;,[1 1 0.0666666666666667;0.0745098039215686 0.623529411764706 1;1 0.411764705882353 0.16078431372549;0.392156862745098 0.831372549019608 0.0745098039215686;0.717647058823529 0.274509803921569 1;0.0588235294117647 1 1;1 0.0745098039215686 0.650980392156863],&apos;Title&apos;,&apos;%&lt;SignalLabel&gt;&apos;,&apos;LinePropertiesCache&apos;,{{struct(&apos;Visible&apos;,&apos;on&apos;),struct(&apos;Visible&apos;,&apos;on&apos;),struct(&apos;Visible&apos;,&apos;on&apos;),struct(&apos;Visible&apos;,&apos;on&apos;),struct(&apos;Visible&apos;,&apos;on&apos;),struct(&apos;Visible&apos;,&apos;on&apos;)}},&apos;UserDefinedChannelNames&apos;,{{&apos;xd&apos;,&apos;yd&apos;,&apos;zd&apos;,&apos;x&apos;,&apos;y&apos;,&apos;z&apos;}},&apos;NumLines&apos;,6,&apos;LineNames&apos;,{{&apos;xd&apos;,&apos;yd&apos;,&apos;zd&apos;,&apos;x&apos;,&apos;y&apos;,&apos;z&apos;}},&apos;ShowContent&apos;,true,&apos;Placement&apos;,1)},&apos;DisplayPropertyDefaults&apos;,struct(&apos;MinYLimReal&apos;,&apos;-62.59151&apos;,&apos;MaxYLimReal&apos;,&apos;9.17683&apos;,&apos;YLabelReal&apos;,&apos;&apos;,&apos;MinYLimMag&apos;,&apos;0.00000&apos;,&apos;MaxYLimMag&apos;,&apos;62.59151&apos;,&apos;LegendVisibility&apos;,&apos;On&apos;,&apos;XGrid&apos;,true,&apos;YGrid&apos;,true,&apos;PlotMagPhase&apos;,false,&apos;AxesColor&apos;,[0 0 0],&apos;AxesTickColor&apos;,[0.686274509803922 0.686274509803922 0.686274509803922],&apos;ColorOrder&apos;,[0.0745098039215686 0.623529411764706 1;1 0.411764705882353 0.16078431372549;1 1 0.0666666666666667;0.717647058823529 0.274509803921569 1;0.392156862745098 0.831372549019608 0.0745098039215686;0.0588235294117647 1 1;1 0.0745098039215686 0.650980392156863])),extmgr.Configuration(&apos;Tools&apos;,&apos;Plot Navigation&apos;,true,&apos;OnceAtStop&apos;,false,&apos;PreviousZoomMode&apos;,&apos;Pan&apos;),extmgr.Configuration(&apos;Tools&apos;,&apos;Measurements&apos;,true,&apos;Version&apos;,&apos;2021b&apos;)),&apos;Version&apos;,&apos;2021b&apos;,&apos;Position&apos;,[1 41 2560 1322])</P>
    <P Name="NumInputPorts">2</P>
    <P Name="Floating">off</P>
  </Block>
  <Block BlockType="Scope" Name="Scope1" SID="163">
    <P Name="Ports">[1]</P>
    <P Name="Position">[1280, 989, 1310, 1021]</P>
    <P Name="ZOrder">321</P>
    <P Name="ScopeSpecificationString">Simulink.scopes.TimeScopeBlockCfg(&apos;CurrentConfiguration&apos;, extmgr.ConfigurationSet(extmgr.Configuration(&apos;Core&apos;,&apos;General UI&apos;,true),extmgr.Configuration(&apos;Core&apos;,&apos;Source UI&apos;,true),extmgr.Configuration(&apos;Sources&apos;,&apos;WiredSimulink&apos;,true,&apos;DataLoggingVariableName&apos;,&apos;ScopeData1&apos;),extmgr.Configuration(&apos;Visuals&apos;,&apos;Time Domain&apos;,true,&apos;SerializedDisplays&apos;,{struct(&apos;MinYLimReal&apos;,&apos;-36.83382&apos;,&apos;MaxYLimReal&apos;,&apos;11.50439&apos;,&apos;YLabelReal&apos;,&apos;&apos;,&apos;MinYLimMag&apos;,&apos;0.00000&apos;,&apos;MaxYLimMag&apos;,&apos;36.83382&apos;,&apos;LegendVisibility&apos;,&apos;On&apos;,&apos;XGrid&apos;,true,&apos;YGrid&apos;,true,&apos;PlotMagPhase&apos;,false,&apos;AxesColor&apos;,[0 0 0],&apos;AxesTickColor&apos;,[0.686274509803922 0.686274509803922 0.686274509803922],&apos;ColorOrder&apos;,[1 1 0.0666666666666667;0.0745098039215686 0.623529411764706 1;1 0.411764705882353 0.16078431372549;0.392156862745098 0.831372549019608 0.0745098039215686;0.717647058823529 0.274509803921569 1;0.0588235294117647 1 1;1 0.0745098039215686 0.650980392156863],&apos;Title&apos;,&apos;%&lt;SignalLabel&gt;&apos;,&apos;LinePropertiesCache&apos;,{{struct(&apos;Visible&apos;,&apos;on&apos;),struct(&apos;Visible&apos;,&apos;on&apos;),struct(&apos;Visible&apos;,&apos;on&apos;)}},&apos;UserDefinedChannelNames&apos;,{{}},&apos;NumLines&apos;,3,&apos;LineNames&apos;,{{&apos;acc/a_x&apos;,&apos;acc/a_y&apos;,&apos;acc/a_z&apos;}},&apos;ShowContent&apos;,true,&apos;Placement&apos;,1)},&apos;DisplayPropertyDefaults&apos;,struct(&apos;MinYLimReal&apos;,&apos;-36.83382&apos;,&apos;MaxYLimReal&apos;,&apos;11.50439&apos;,&apos;YLabelReal&apos;,&apos;&apos;,&apos;MinYLimMag&apos;,&apos;0.00000&apos;,&apos;MaxYLimMag&apos;,&apos;36.83382&apos;,&apos;LegendVisibility&apos;,&apos;On&apos;,&apos;XGrid&apos;,true,&apos;YGrid&apos;,true,&apos;PlotMagPhase&apos;,false,&apos;AxesColor&apos;,[0 0 0],&apos;AxesTickColor&apos;,[0.686274509803922 0.686274509803922 0.686274509803922],&apos;ColorOrder&apos;,[0.0745098039215686 0.623529411764706 1;1 0.411764705882353 0.16078431372549;1 1 0.0666666666666667;0.717647058823529 0.274509803921569 1;0.392156862745098 0.831372549019608 0.0745098039215686;0.0588235294117647 1 1;1 0.0745098039215686 0.650980392156863])),extmgr.Configuration(&apos;Tools&apos;,&apos;Plot Navigation&apos;,true),extmgr.Configuration(&apos;Tools&apos;,&apos;Measurements&apos;,true,&apos;Version&apos;,&apos;2021b&apos;)),&apos;Version&apos;,&apos;2021b&apos;,&apos;Position&apos;,[1 41 2560 1322])</P>
    <P Name="NumInputPorts">1</P>
    <P Name="Floating">off</P>
  </Block>
  <Block BlockType="SubSystem" Name="Trajectory" SID="148">
    <P Name="Ports">[0, 2]</P>
    <P Name="Position">[610, 795, 695, 855]</P>
    <P Name="ZOrder">314</P>
    <P Name="RequestExecContextInheritance">off</P>
    <Mask>
      <Display RunInitForIconRedraw="off"/>
    </Mask>
    <System Ref="system_148"/>
  </Block>
  <Block BlockType="SubSystem" Name="acc" SID="161">
    <P Name="Ports">[2, 3]</P>
    <P Name="Position">[980, 977, 1105, 1033]</P>
    <P Name="ZOrder">319</P>
    <P Name="ErrorFcn">Stateflow.Translate.translate</P>
    <P Name="PermitHierarchicalResolution">ExplicitOnly</P>
    <P Name="TreatAsAtomicUnit">on</P>
    <P Name="RequestExecContextInheritance">off</P>
    <P Name="SFBlockType">MATLAB Function</P>
    <P Name="ContentPreviewEnabled">on</P>
    <System Ref="system_161"/>
  </Block>
  <Block BlockType="SubSystem" Name="get position" SID="157">
    <P Name="Ports">[1, 1]</P>
    <P Name="Position">[1185, 815, 1320, 865]</P>
    <P Name="ZOrder">316</P>
    <P Name="ErrorFcn">Stateflow.Translate.translate</P>
    <P Name="PermitHierarchicalResolution">ExplicitOnly</P>
    <P Name="TreatAsAtomicUnit">on</P>
    <P Name="RequestExecContextInheritance">off</P>
    <P Name="SFBlockType">MATLAB Function</P>
    <P Name="ContentPreviewEnabled">on</P>
    <System Ref="system_157"/>
  </Block>
  <Line>
    <P Name="ZOrder">600</P>
    <P Name="Src">24#out:1</P>
    <P Name="Points">[5, 0]</P>
    <Branch>
      <P Name="ZOrder">656</P>
      <P Name="Points">[0, 180]</P>
      <P Name="Dst">161#in:2</P>
    </Branch>
    <Branch>
      <P Name="ZOrder">655</P>
      <P Name="Dst">80#in:1</P>
    </Branch>
  </Line>
  <Line>
    <P Name="Name">Full state feedback: x, v, R, \Omega</P>
    <P Name="ZOrder">625</P>
    <P Name="Src">80#out:1</P>
    <P Name="Points">[21, 0]</P>
    <Branch>
      <P Name="ZOrder">652</P>
      <P Name="Points">[0, 82; -179, 0]</P>
      <Branch>
        <P Name="ZOrder">659</P>
        <P Name="Points">[0, 73]</P>
        <P Name="Dst">161#in:1</P>
      </Branch>
      <Branch>
        <P Name="ZOrder">658</P>
        <P Name="Labels">[1, 1]</P>
        <P Name="Points">[-202, 0; 0, -52]</P>
        <P Name="Dst">134#in:3</P>
      </Branch>
    </Branch>
    <Branch>
      <P Name="ZOrder">640</P>
      <P Name="Points">[39, 0]</P>
      <P Name="Dst">157#in:1</P>
    </Branch>
  </Line>
  <Line>
    <P Name="Name">f</P>
    <P Name="ZOrder">623</P>
    <P Name="Labels">[1, 1]</P>
    <P Name="Src">134#out:1</P>
    <P Name="Dst">24#in:1</P>
  </Line>
  <Line>
    <P Name="Name">M</P>
    <P Name="ZOrder">624</P>
    <P Name="Labels">[1, 1]</P>
    <P Name="Src">134#out:2</P>
    <P Name="Dst">24#in:2</P>
  </Line>
  <Line>
    <P Name="ZOrder">630</P>
    <P Name="Src">148#out:1</P>
    <P Name="Points">[29, 0]</P>
    <Branch>
      <P Name="ZOrder">644</P>
      <P Name="Points">[0, -43; 639, 0; 0, 58]</P>
      <P Name="Dst">156#in:1</P>
    </Branch>
    <Branch>
      <P Name="ZOrder">643</P>
      <P Name="Dst">134#in:1</P>
    </Branch>
  </Line>
  <Line>
    <P Name="ZOrder">631</P>
    <P Name="Src">148#out:2</P>
    <P Name="Dst">134#in:2</P>
  </Line>
  <Line>
    <P Name="ZOrder">642</P>
    <P Name="Src">157#out:1</P>
    <P Name="Dst">156#in:2</P>
  </Line>
  <Line>
    <P Name="ZOrder">662</P>
    <P Name="Src">161#out:1</P>
    <P Name="Dst">164#in:1</P>
  </Line>
  <Line>
    <P Name="ZOrder">663</P>
    <P Name="Src">161#out:2</P>
    <P Name="Dst">164#in:2</P>
  </Line>
  <Line>
    <P Name="ZOrder">664</P>
    <P Name="Src">161#out:3</P>
    <P Name="Dst">164#in:3</P>
  </Line>
  <Line>
    <P Name="ZOrder">665</P>
    <P Name="Src">164#out:1</P>
    <P Name="Dst">163#in:1</P>
  </Line>
</System>
