<?xml version="1.0" encoding="utf-8"?>
<System>
  <P Name="Location">[-8, -8, 2568, 1408]</P>
  <P Name="SystemRect">[0.000000, 0.000000, 0.000000, 0.000000]</P>
  <P Name="SetExecutionDomain">off</P>
  <P Name="ExecutionDomainType">Deduce</P>
  <P Name="ZoomFactor">200</P>
  <P Name="SimulinkSubDomain">Simulink</P>
  <Block BlockType="Clock" Name="Clock" SID="3">
    <P Name="Position">[0, 7, 55, 63]</P>
    <P Name="ZOrder">3</P>
    <P Name="DisplayTime">on</P>
  </Block>
  <Block BlockType="Demux" Name="Demux" SID="151">
    <P Name="Ports">[1, 2]</P>
    <P Name="Position">[185, -4, 190, 74]</P>
    <P Name="ZOrder">285</P>
    <P Name="ShowName">off</P>
    <P Name="Outputs">2</P>
  </Block>
  <Block BlockType="MATLABFcn" Name="trajectory" SID="105">
    <P Name="Ports">[1, 1]</P>
    <P Name="Position">[90, 20, 160, 50]</P>
    <P Name="ZOrder">282</P>
    <P Name="MATLABFcn">trajectory(u,P)</P>
    <P Name="OutputDimensions">6</P>
  </Block>
  <Block BlockType="Outport" Name="x_d" SID="149">
    <P Name="Position">[245, 8, 275, 22]</P>
    <P Name="ZOrder">283</P>
    <P Name="VectorParamsAs1DForOutWhenUnconnected">off</P>
  </Block>
  <Block BlockType="Outport" Name="b1_d" SID="150">
    <P Name="Position">[245, 48, 275, 62]</P>
    <P Name="ZOrder">284</P>
    <P Name="Port">2</P>
    <P Name="VectorParamsAs1DForOutWhenUnconnected">off</P>
  </Block>
  <Line>
    <P Name="ZOrder">2</P>
    <P Name="Src">3#out:1</P>
    <P Name="Dst">105#in:1</P>
  </Line>
  <Line>
    <P Name="ZOrder">631</P>
    <P Name="Src">105#out:1</P>
    <P Name="Dst">151#in:1</P>
  </Line>
  <Line>
    <P Name="ZOrder">633</P>
    <P Name="Src">151#out:1</P>
    <P Name="Dst">149#in:1</P>
  </Line>
  <Line>
    <P Name="ZOrder">634</P>
    <P Name="Src">151#out:2</P>
    <P Name="Dst">150#in:1</P>
  </Line>
</System>
