<?xml version="1.0" encoding="utf-8"?>
<Stateflow>
  <machine id="10">
    <P Name="sfVersion">80000046</P>
    <Children>
      <target id="28" name="sfun">
        <P Name="description">Default Simulink S-Function Target.</P>
      </target>
      <chart Ref="chart_11"/>
      <chart Ref="chart_21"/>
    </Children>
  </machine>
  <instance id="20">
    <P Name="machine">10</P>
    <P Name="name">acc</P>
    <P Name="chart">11</P>
  </instance>
  <instance id="27">
    <P Name="machine">10</P>
    <P Name="name">get position</P>
    <P Name="chart">21</P>
  </instance>
</Stateflow>
