<?xml version="1.0" encoding="UTF-8" standalone="yes" ?>
<cp:coreProperties xmlns:cp="http://schemas.openxmlformats.org/package/2006/metadata/core-properties" xmlns:dc="http://purl.org/dc/elements/1.1/" xmlns:dcmitype="http://purl.org/dc/dcmitype/" xmlns:dcterms="http://purl.org/dc/terms/" xmlns:xsi="http://www.w3.org/2001/XMLSchema-instance">
  <cp:category>model</cp:category>
  <dcterms:created xsi:type="dcterms:W3CDTF">2015-11-24T20:30:28Z</dcterms:created>
  <dc:creator>ecestudent</dc:creator>
  <cp:lastModifiedBy>User</cp:lastModifiedBy>
  <dcterms:modified xsi:type="dcterms:W3CDTF">2021-12-12T07:10:00Z</dcterms:modified>
  <cp:revision>6.0</cp:revision>
  <cp:version>R2021b</cp:version>
</cp:coreProperties>
